name,age
Alice,25
Bob,30
Charlie,40
David,35
Eve,22
Frank,27
Grace,38
Helen,45
Ivan,50
Jack,33
Jordan,29
Liam,26
Olivia,31
William,41
Emma,36
Noah,23
Ava,28
James,39
Isabella,46
Ray,59
Sidney,48
Bernard,64
Dan,59
Jerry,18
Calvin,44
Perry,62
Dave,37
Anthony,25
Eddie,47
Amos,69
Dennis,51
Clifford,22
Leroy,47
Wesley,30
Alonzo,42
Garfield,20
Franklin,24
Emil,55
Leon,34
Nathan,53
Harold,41
Matthew,27
Levy,45
Moses,22
Everett,61
Lester,39
Winfield,49
Adam,30
Lloyd,62
Mack,29
Fredrick,56
Jay,20
Jess,37
Melvin,48
Claude,24
Aaron,51
Alvin,40
Norman,19
Gilbert,65
Elijah,33
Victor,59
Gus,26
Nelson,43
Jasper,57
Clinton,64
Elbert,24
Leslie,53
Marshall,35
Owen,42
Wiley,29
Anton,50
Morris,65
Manuel,21
Phillip,52
Augustus,46
Emmett,20
Eli,61
Nicholas,40
Wilson,23
Alva,57
Harley,66
Newton,34
Timothy,25
Marvin,37
Ross,43
Curtis,59
Edmund,41
Jeff,68
Elias,28
Harrison,30
Stanley,41
Columbus,63
Lon,55
Ora,20
Ollie,61
Russell,62
Pearl,54
Solomon,59
Arch,47
Asa,24
Clayton,52
Enoch,26
Irving,53
Mathew,20
Nathaniel,64
Scott,67
Hubert,19
Crypto,125
Leonardo,12